"Extended Lore","Gandalf, Radagast, and Saruman. What are the names of the remaining two Blue Wizards of Middle Earth?","*Morinehtar and Romestamo","Curumir and Mithrandir","Alatar and Sangahyando","Gaerdring and Tulkas"
"The Lord of the Rings (movies)","In the movie \"The Return of the King\", what does Gimli say after Legolas kills the Mumakil?","*That still only counts as one.","That was mine!","Of course you took the little one!","No fair!"
"The Lord of the Rings (movies)","In the movie \"The Return of the King\", Peter Jackson has another cameo. Who does he play?","*The pirate that gets shot by Legolas","*The chief of the Guards of the Citadel","An orc in Cirith Ungol who is stabbed by Sam","A Gondorean Warrior at the Battle of the Black Gate"
"The Lord of the Rings (book)","How is Arwen is related to Galadriel?","*Arwen is Galadriel's granddaughter","Arwen is not related to Galadriel","Arwen is Galadriel's grandniece","Arwen is Galadriel's sister"
"Life of Tolkien","Which book did Tolkien want to give a different title to because it's name \"Gave away the end?\"","*The Return of the King","The Fellowship of the Ring","The Hobbit, or, There and Back again.","The Two Towers"
"The Lord of the Rings (book)","How long passes between Bilbo's Birthday Party and Frodo leaving the shire?","*17 years","34 years","9 years","25 years"
"The Lord of the Rings (book)","How old is Frodo when he leaves the Shire?","*50 years old","33 years old","75 years old","60 years old"
"The Lord of the Rings (movies)","The screech of the Nazgul in the Peter Jackson LOTR films was made by combining sounds from a pig, a horse, and who/what?","*Fran Jackson, the director's wife. She had a sore throat at the time.","A musical saw","A siren","Screeching Tires"
"The Lord of the Rings (movies)","The voice of Treebeard was done by the actor playing what other role in the LotR / Hobbit films?","*Gimli","Smaug","Radagast","Beorn"
"The Lord of the Rings (book)","Which members of the Fellowship are the sons of kings?","*Aragorn and Legolas","Aragorn and Boromir","Gimli and Legolas","Boromir and Gimli"
"The Lord of the Rings (book)","Whose grave does the Fellowship find in Moria, which disturbs Gimli terribly?","*Balin","Gloin (his father)","Thorin","Dain"
"The Lord of the Rings (book)","What type of blade is Frodo stabbed with during the fight on Weathertop?","*Morgul-blade","Shadow-blade","Mordor-blade","Ghost-blade"

"The Lord of the Rings (book)","What name was Aragorn travelling under?","*Strider","Wilderer","Longshanks","The Crownless"
"Extended Lore","What does \"Uruk Hai\" mean?","*Orc Folk","Corrupted Elves","The Unmerciful","The Fell People"
"The Lord of the Rings (book)","What is Boromir's brother named?","*Faramir","Dagomir","Denethor","Eomer"
"The Lord of the Rings (book)","What river was the ring of power lost in, at the death of Isildur?","*Anduin","Isen","Bruinen","Celduin (River Running)"
"The Lord of the Rings (book)","What is the name of Saruman's Tower?","*Orthanc","Isengard","Barad-dur","Minas Ithil"
"The Lord of the Rings (book)","What is the great port city of Gondor?","*Pelargir","Dol Amroth","Osgiliath","Minas Ithil"
"The Lord of the Rings (movies)","What actor portrayed Bilbo Baggins in the LOTR Trilogy, and aged Bilbo in The Hobbit Trilogy?","*Sir Ian Holm","Sir Ian McKellen","Morgan Freeman","Dominic Monaghan"
"The Lord of the Rings (book)","Who was the nephew of King Theoden of Rohan?","*Eomer","Wormtongue","Boromir","Eothain","Theodred"
"The Lord of the Rings (movies)","Which of these characters was **not** played by Sala Baker?","Sauron","The Witch-King of Angmar","Lugdush the Uruk","*Gothmog, Lieutnant of Morgul"
"The Lord of the Rings (book)","The southern valley of The Misty Mountains, Nan Curunir, is home to what landmark?","*Isengard","Caradhras","The Stone of Erech"
"The Lord of the Rings (book)","How many wizards were there in Middle Earth?","*5","9","3","12"

"Source","Who is the barman at the Prancing Pony Inn, in Bree?","*Barliman Butterbur"
"Source","What is the southern kingdom of Middle Earth called?","*Gondor"
"Source","What kingdom of Middle Earth has a capital city named Edoras?","*Rohan"
"Source","What relation is Frodo to Bilbo?","*First cousins, once removed (common ancestors: Gerontius Took and Adamanta Chubb) AND Second cousins once removed (common ancestors: Balbo Baggins and Berylla Boffin)"
"Source","What is Wormtongue's given name?","*Grima"
"Source","What region is Annuminas found in?","*Evendim"
"Source","What is Durin's Bane better known as?","*The Balrog of Moria"
"Source","Who is Gimli's father?","*Gloin"
"Source","What is \"...as hard as dragon scale and as light as a feather\"?","*Mithril"
"Source","Who was originally cast as Aragorn?","*Stuart Townsend"
"Source","How many rings of power were made \"for the Elven-kings under the sky\"?","*Three"
"Source","How many rings of power did \"the Dwarf-lords in their halls of stone\" receive?","*Seven"
"Source","How many rings of power were given to \"Mortal Men doomed to die\"?","*Nine"
"Source","Who forged the Rings of Power?","*The elven-smiths of Eregion, guided by Celebrimbor."
"Source","What region is Oatbarton found in?","*The Shire"
"Source","What capital city is built of flets?","*Caras Galadhon"
"Source","In what region is The Haunted Inn located?","*Mirkwood"
"Source","What does the name of the sword Anduril mean in Elvish?","*Flame of the West"
"Source","What was the color of the arrow used to dispatch Smaug?","*Black"
"Source","What city does Galadriel live in?","*Caras Galadhon"
"Source","Who is the husband of Galadriel?","*Lord Celeborn"
"Source","What Valar is known as the Lord of the Waters?","*Ulmo"
"Source","What elf led the Fellowship to Caras Galadhon, from the edge of Lothlorien?","*Haldir"
"Source","What is Mount Doom's other name?","*Orodruin"
"Source","What is Saruman called in Elvish?","*Curunir"
"Source","What are the two most common elvish dialects?","*Sindarin and Quenya"
"Source","Who wielded the sword Orcrist?","*Thorin Oakenshield"
"Source","Who is Windfola, in \"The Lord of the Rings\"?","*The horse that carried Eowyn, disguised as a man, and Merry, to Pellenor Fields where Eowyn slew the Witch-King of Angmar."
"Source","What was the name of the hobbit Smeagol killed to steal the One Ring?","*Deagol"
"Source","What wood type is found alongside Mallorn in Moria?","*Ilex"
"Source","In skirmishes, what are the two types of usable items encounter foes drop, which do not leave the encounter with you?","*Tokens and Emblems"
"Source","Name any of the three Elvish rings and their bearer.","*Narya (Gandalf), Vilya (Elrond), Nenya (Galadriel)"
"Source","What race can a Guardian be?","*Any"
"Source","How many children does Elrond have?","*Three (sons Elladan and Elrohir, daughter Arwen Undómiel)"
"Source","What location in Middle Earth's name translates as \"Black Chasm\"?","*Moria"
"Source","What is the name of the Lord of the Air who carried Gandalf?","*Gwaihir"
"Source","How many times did the wind lord Gwaihir bear Gandalf?","*Three times; once to escape Isengard, once to escape the Sinvertine after battling the balrog of Moria, and once to rescue the hobbits from the slopes of Mount Doom."
"Source","What is the most significant feature of Barad-dûr?","*The Eye of Sauron atop it"
"Source","Who is Shelob the spawn of?","*Ungoliant"
"Source","What was the name of the sword Anduril before it was broken and reforged?","*Narsil"
"Source","What is Amon Sul commonly known as?","*Weathertop"
"Source","What is the race of horses to which Shadowfax belongs called?","*The Meara"
"Source","What is the word, in black speech, meaning \"orc\"?","*Uruk"
"Source","In the 2001 movie The Fellowship of the Ring, the sound of a walrus bellowing was used as the sound of what foe?","*The Watcher in the Water"
"Source","In the Foundations of Stone, what name is given to the fungally-corrupted lifeforms?","*Globsnaga"
"Source","What is the name of Elrond's youngest child?","*Arwen"
"Source","Where was the LOTR Trilogy filmed?","*New Zealand"
"Source","Which actor recently portrayed Gandalf in the LOTR Trilogy and The Hobbit?","*Sir Ian McKellen"
"Source","Which actor portrayed Bilbo Baggins in the recent Hobbit film?","*Martin Freeman"
"Source","Sam Gamgee is sweet on which female hobbit?","*Rosie Cotton"
"Source","Who was Aragorn's father?","*Arathorn II"
"Source","What is the name of the guardians of the Shire?","*The Bounders"
"Source","What class uses a balance between damaging and restorative magic known as Attunement?","*Rune-Keeper"
"Source","Whose head was knocked off by Bandobras in the northern Shire, and the head flew 100 yards and fell down a rabbit hole?","*Golfimbul"
"Source","Who is Brogur's nephew, a central dwarf strategist in Moria?","*Bosi"
"Source","Who is thought lost, but found trapped, with the axe Zigilburk?","*Broin"
"Source","Which craft makes Burglar Tools?","*Tailor"
"Source","Which craft makes Loremaster comapnion talismans?","*Jeweler"
"Source","Frostbluff Theater is a central activity hub during what festival?","*Yuletide"
"Source","The Party Tree in the Shire is a central activity hub during what three major festivals?","*Spring, Summer, Harvest"
"Source","What class uses traps and snares?","*Hunter"
"Source","What class is known for its musical prowess?","*Minstrel"
"Source","What primary ore type comes between Khazad ores and Dwarf Iron?","*Ancient Iron"
"Source","What jewelers' metal is mined as a Journeyman prospector?","*Silver"
"Source","The race, called Atani in Quenya, is called what, in common tongue?","*Men"
"Source","What is the main language of Men in LOTR called?","*Westron"
"Source","Name either of Bilbo's parents.","*Bungo Baggins and Belladonna Took"
"Source","This dwarf, who witnessed the fall of Thorin's grandfather Thror, has lost his mind and now resides in the mountains of Enedwaith.","*Nar"
"Source","What is the capital of the Shire?","*Michel Delving"
"Source","What is the language of the dwarves?","*Khudzul"
"Source","Dwarves use a runic writing system that they are loathe to teach to outsiders. What is it called?","*Angerthas"
"Source","What does the Dwarvish warcry \"Baruk Khazad\" mean?","*Axes of the Dwarves"
"Source","What does the name \"Khazad Dum\" mean?","*Dwarven Halls"
"Source","The Chamber of Records in Moria is also known as the Chamber of.... what?","*Mazarbul"
"Source","What mountain chain does Moria lie under?","*The Misty Mountains"
"Source","What does the Elvish name Ered Luin mean?","*Blue Mountains"
"Source","What is the Dwarvish word Khazad, In Sindarin?","*Hadhodrim"
"Source","The Sindar usually referred to the Dwarves as the \"Naugrim\". What does that mean?","*The Stunted People"
"Source","\"Far over the Misty Mountains cold, To dungeons deep and caverns old, We must away, ere break of day, To seek our\"... what?","*\"pale enchanted gold\" (Dwarf Song, from \"The Hobbit\")"
"Source","What is the place named \"Zirak-zigil\" called in the language of Men?","*The Silvertine"
"Source","Who fought on the peak of Zirak-Zigil?","*Gandalf and Durin's Bane (The Balrog of Moria)"
"Source","The three peaks of the Misty Mountains under which Khazad Dum lies are Zirak-Zigil, Fanuidhiol, and what?","*Caradhras"
"Source","What is the largest forest of Middle Earth?","*Mirkwood Forest"
"Source","After being run from their home by Smaug, where did Thorin Oakenshield and his companions reside?","*Ered Luin (The Blue Mountains)"
"Source","The Lonely Mountain is also known as what?","*Erebor"
"Source","Who fired the arrow that killed Smaug, in \"The Hobbit?\"","*Bard the Bowman"
"Source","What year and month did Lord of the Rings Online launch?","*April 2007"
"Source","Sambrog is a champion in what 6-man instance?","*The Great Barrow"
"Source","During what age did Durin I, Founder of Moria, live and die?","*The First Age"
"Source","Which Durin ruled over Moria when the Balrog was unearthed?","*Durin VII, also known as \"Durin, The Last\""
"Source","What title was Durin I later called by?","*Durin, The Deathless"
"Source","Who was the Dwarven King of The Lonely Mountain during the War of the Ring?","*Dain II, Ironfoot"
"Source","Whose body did Dain II, Ironfoot defend until his own death, during the Battle of Dale?","*King Brand, of Dale (grandson of Bard the Bowman)"
"Source","He could turn into a bear at will. WHo was he?","*Beorn"
"Source","Who was the Chief of the Easterlings, that captured Tuor?","*Lorgan"
"Source","What Easterling seized the lands of Hurin during the First Age?","*Brodda"
"Source","This first of the dragons could not fly, and instead slithered through Moria.","*Glaurung"
"Source","Glaurung was commonly known by what paternal title?","*Father of Dragons"
"Source","Slain in the Third Age, by Fram of the Eotheod, what dragon terrorized the Grey Mountains?","*Scatha The Worm"
"Source","Whose armour is like tenfold shields, his teeth are swords, his claws spears, the shock of his tail a thunderbolt?","*Smaug the Golden"
"Source","Who told Bard the Bowman of Smaug's weakness?","*A thrush, who overheard Bilbo"
"Source","What heirloom of the Lords of Dale, was crafted by the dwarves of the Lonely Mountain?","*The Black Arrow"
"Source","What sword, forged in the First Age, was once wielded by Turgon, King of Gondolin?","*Glamdring"
"Source","Who wielded the sword Glamdring during the War of the Ring? ","*Gandalf"
"Source","What does \"Gondor\" mean in Sindarin?","*Land of Stone"
"Source","What monument to the kings of Gondor stands upon the River Anduin?","*The Argonath, or the Pillars of Kings"
"Source","Who do the giant carvings of The Argonath represent?","*Isildur and Anarion (book), or Anarion and Elendil (film)"
"Source","Who was the Steward of Gondor during the War of the Ring?","*Denethor II"
"Source","Who were the sons of Denethor II, the Steward of GOndor?","*Boromir and Faramir"
"Source","Imladris is more commonly known as what?","*Rivendell"
"Source","After Aragorn passed away, Legolas left Middle Earth to go over the sea, with what companion?","*Gimli"
"Source","The name \"Legolas\", translated from Sindarin to the language of Men, means what?","*Green Leaf"
"Source","Who was King Elessar Telcontar commonly known as?","*Aragorn, or Strider"
"Source","Who owed allegiance to the Heir of Isildur?","*The Dead Men of Dunharrow, or The Oathbreakers"
"Source","What did Tolkien originally nickname Aragorn, replacing it with Strider only after completing the story?","*Trotter"
"Source","Who was the son of the Thain of the Shire, during the events of the Lord of the Rings?","*Peregrin (Pippin) Took"
"Source","Who was the most intelligent and perceptive of the hobbits, with a love of cartography?","*Meriadoc (Merry) Brandybuck"
"Source","As the new king of Rohan, Eomer knighted Merry and gave him what name?","*Holdwine"
"Source","Tolkien took which character's surname from the inventor of a surgical dressing made of cotton wool?","*Gamgee"
"Source","The Elves call which character \"Perhael\", in Sindarin?","*Samwise Gamgee. Perhael means \"half-wise\"."
"Source","Which character's parents drowned in a boating incident when he was only 12 years old?","*Frodo Baggins"
"Source","Who was the first and oldest of the spiders of Mirkwood?","*Ungoliant"
"Source","What effect did the Music of the Ainur have regarding Middle Earth?","*It created Middle Earth"
"Source","Who were the first and the mightiest of beings, created by the thoughts of Eru Iluvatar?","*The Ainur"
"Source","Three noble blades of the First Age were found in a troll cache in The Hobbit. Name two of them.","*Sting, Glamdring, and Orcrist"
"Source","Bill the Pony was purchased by the hobbits from what person in Bree?","*Bill Ferny"
"Source","Tom Bombadil rides a horse named what?","*Fatty Lumpkin"
"Source","Which comedic actor has played minor roles of elves in both the Lord of the Rings and Hobbit trilogies?","*Bret McKenzie (\"Flight of the Conchords\")"
"Source","Lord of the Rings Online celebrates the birthday of Bilbo Baggins, but not this hobbit who shares his birthday. Who?","*Frodo Baggins"
"Source","What is the name of Bilbo's, later Frodo's, home in The Shire?","*Bag End"
"Source","Who planted the seedling that grew to be The White Tree of Minas Tirith?","*Isildur, in Year 2 of the Third Age"
"Source","What does the Sindarin phrase \"Hannon le\" translate as?","*\"Thank you\" (although it was incorrectly used as \'Le hannon\" in the films)"
"Source","What does the name \"Eldar\" mean?","*People of the Stars"
"Source","What does the Sindarin word \"Namarie\" translate as?","*\"Farewell\""
"Source","What does the Sindarin phrase \"Na lu e-govanned vin\" translate as?","*\"Until next we meet\""
"Source","What does the Sindarin phrase \"Ollo Vae\" translate as?","*\"Sweet Dreams\""
"Source","How do you say \"Greetings!\" in Sindarin?","*\"Suillad!\""
"Source","What is the name of the Blessed Realm which lay to the west of Middle Earth?","*Aman"
"Source","Sam had Rosie, but who did Pippin marry?","*Diamond, of Long Cleeve"
"Source","Peregrin Took had one son, named after who?","*Faramir"
"Source","Meriadoc eventually became known as Meriadoc The... what?","*Magnificent"
"Source","Who is known as The Old Man of the Old Forest?","*Old Man Willow, an ancient tree."
"Source","What was Tolkien's original name for Frodo?","*Bingo"
"Source","What was Tolkien's original name for Merry?","*Marmaduke"
"Source","What was Tolkien's original name for Pippin?","*Odo"
"Source","A reflection in the lake Kheled-zaram, ot The Mirrormere, gave Durin what sign?","*A crown of stars"
"Source","Name Farmer Maggot's three dogs.","*Fang, Grip, and Wolf"
"Source","Who sent Beren to steal a gem from Morgoth's Iron Crown?","*Thingol"
"Source","Who was Beren's love, for whom he stole a gem from Mortgoth's Iron Crown?","*Luthien"
"Source","In the books, Frodo has hidden his task by telling his friends he was moving where?","*Crickhollow (a village in Buckland)"
"Source","In the books, what hobbit stayed behind in The Shire to keep people thinking Frodo has merely moved away?","*Fatty Bolger"
"Source","Who stole the throne of Gondor from Eldacar, in the middle Third Age?","*Castamir the Usurper"
"Source","Who was the younger brother of Balin, leader of the failed expedition to reclaim Moria?","*Dwalin"
"Source","Who led the expedition to reclaim Moria?","*Balin, son of Fundin"
"Source","Two sets of stairs form the path from the Morgul Valley to the pass of Cirith Ungol, Name either.","*The Straight Stair, or the much longer Winding Stair."
"Source","After the Battle of Pellenor Fields, who composed his last song, immortalizing the events?","*Gleowine"
"Source","The Ainur, holy spirits created by Iluvatar, spoke what language?","*Valarin"
"Source","What landmark sits atop the summit of Amon Hen?","*The Seat of Seeing"
"Source","What island kingdom of the Dunedain was sunk beneath the waves?","*Numenor"
"Source","The last fruit of The Two Trees, Telperion and Laurelin, were made into what?","*The Sun and Moon"
"Source","What brought light to the Land of the Valar in ancient times?","*The Two Trees, Telperion and Laurelin."
"Source","According to Treebeard, what creatures were created by Morgoth as a mockery of Ents?","*Trolls"
"Source","What was the first name of Morgoth, Lord of Darkness?","*Melkor"
"Source","Werewolves, Vampires, Spiders, Fellbeasts... all of the great evils of the world were formed in what fortress of Morgoth?","*Utumno"
"Source","What was the Battle of Helm's Deep also known as?","*Battle of the Hornburg"
"Source","What King was beguiled by Grima Wormtongue's treacherous work?","*Theoden"
"Source","What lies beyond the Deeping Wall in Helms Deep?","*The Glittering Caves"
"Source","Which dwarf from The Hobbit has a son in The Lord Of the Rings?","*Gloin (father of Gimli)"
"Source","At the battle of Helm's Deep, Gandalf arrived when he had told Aragorn that he would, at the dawn of which day?","*The fifth"
"Source","What ranger, leader of The Grey Company, guarded The Shire?","*Halbarad"
"Source","How many Dunedain Raingers rode in The Grey Company to aid Aragorn?","*Thirty"
"Source","Who rode forth at the Battle of Pellenor with the Standard of Aragorn, only to be killed?","*The Ranger Halbarad"
"Source","In Lord of the Rings Online, who appears first as the commander of Esteldin?","*Halbarad"
"Source","What land lies west of the Misty Mountains, and north of Rivendell?","*Ettenmoors"
"Source","What does \"Nazgul\" mean in the language of men?","*Ringwraith"
"Source","The second in command of the Nazgul was, in life, called what?","*Khamul, the Easterling"
"Source","Which Nazgul chased the hobbits near Bucklebury Ferry?","*The Witch-King of Angmar"
"Source","The capital city of the ancient kingdom of Arnor was what city?","*Annuminas"
"Source","What fallen realm of Middle Earth was bordered on the west by the Brandywine, and on the east by the river Mitheithel?","*Cardolan"
"Source","The Dunedain of Cardolan settled deeply into what area, making it their capital?","*The Barrow-downs"
"Source","Who came to the rescue of Frodo, Sam, Pippin and Merry in the Barrow-downs?","*Tom Bombadil"
"Source","What was \"The Red Book of Westmarch\" originally called by the first author to chronicle events in it?","*There and Back Again (Bilbo Baggins)"
"Source","Who purportedly wrote the portion of \"The Red Book of Westmarch\" entitled \" The Adventures of Tom Bombadil\"?","*Sam Gamgee"
"Source","What book did J.R.R. Tolkien purport to be translating into English, which tells the tale of The Lord of The Rings?","*The Red Book of Westmarch"
"Source","What is Arda?","*Earth (the one where Men, Hobbits, Dwarves and Elves live)"
"Source","Where was Frodo Baggins born and raised until the age of 12?","*Buckland"
"Source","What happened to Bag End when Frodo left the Shire?","*Frodo sold it to the Sackville-Baggins"
"Source","Tolkien's notes state that Sauron was originally known by what name?","*Mairon the Admirable"
"Source","What kind of being was Sauron?","*A Maiar (a spirit who descended to help the Valar shape the earth)"
"Source","Saruman was a Maiar who belonged to which Valar?","*Aule, the Smith"
"Source","Who was the King of the Valar?","*Manwe"
"Source","Who was the most powerful of the Valar?","*Melkor, later known as Morgoth"
"Source","The lieutenant of the Tower of Barad-Dur was known as what?","*The Mouth of Sauron"
"Source","What is the name of the great tower upon the spire of which burned the great Eye of Sauron?","*Barad-dur"
"Source","Which Valar created the stars?","*Varda"
"Source","Varda, the Vala who created the stars and set the sun and moon on their courses, is called what, in Sindarin?","*Elbereth"
"Source","In the myths of the elves, what mariner carried a star across the sky?","*Earendil"
"Source","Who slew the great dragon Ancalagon?","*Earendil"
"Source","What stronghold did Melkor (Morgoth) raise in The Iron Mountains?","*Angband"
"Source","What does the name of the ancient stronghold, Angband, mean?","*Iron Prison"
"Source","What color are the flights (feathers) of Red Arrows, used by Gondor to summon aid from its allies?","*Black. The tips have a streak of blood red, giving them their name."
"Source","What is the name of the ancestral home of the Took family, in Tookland?","*The Great Smials"
"Source","Who was Lotho Sackville-Baggins working for, during The War of The Ring?","*Saruman"
"Source","What was the real name of Sharkey, a small-time criminal mastermind of the Shire?","*Saruman"
"Source","Who killed Saruman on the steps of Bag End, slitting his throat?","*Grima Wormtongue. In the films, Wormtongue stabs Saruman at Orthanc, instead."
"Source","In the Peter Jackson films, Who does Legolas kill at Isengard?","*Grima Wormtongue, in an attempt to keep Wormtongue from stabbing Saruman."
"Source","What does the name \"Annuminas\" mean?","*Tower of the West (Specifically, \"in the direction of the sunset\")"
"Source","Where were the heirlooms of the Dunedain people kept?","*Rivendell"
"Source","After the War of the Ring, what lands were men forbidden to enter?","*The Shire"
"Source","In the books, who leads a thousand footmen with Gandalf to turn the tide at the Battle of the Hornburg, at Helm's Deep?","*Erkenbrand"
"Source","What ancient capital of Gondor served as a crossing point at the River Anduin during The War of the Ring?","*Osgiliath"
"Source","In Lord of the Rings Online, what inn was inspired by a real-world tavern frequented by J.R.R. and Christopher Tolkien in Oxford, England?","*The Bird and Baby, in Michel Delving"
"Source","What were the two most common languages of the Elves?","*Quenya and Sindarin"
"Source","What ore is found in the regions The Wold, Norcrofts, Sutcrofts, and Entwash Vale?","*Riddermark Skarn"
"Source","What area of Mirkwood is home to Blackvenom Spiders?","*Scuttledells (Gorogrod, specifically)"
"Source","What central fortress in Mirkwood acts as a strategic planning center for The Malledhrim?","*Ost Galadh"
"Source","What faction of elves from Lothlorien fight the evils of Southern Mirkwood?","*The Malledhrim"
"Source","What reputation faction is located in the Shire?","*The Mathom Society"
"Source","\"Melodies of the Valar\" is a quest item for which class?","*Minstrel"
"Source","\"The Furthest Charge\" is a quest item for which class?","*Hunter"
"Source","\"The Joy of Battle\"  is a quest item for which class?","*Champion"
"Source","\"Whispers in the Dark\" is a quest item for which class?","*Rune-keeper"
"Source","\"Bullroarer's Boy\" is a quest item for which class?","*Warden"
"Source","\"The Final Word\" is a quest item for which class?","*Guardian"
"Source","\"Lore of the Blade\" is a quest item for which class?","*Lore-master"
"Source","\"The Expert's Guide to Dirty Fighting\" is a quest item for which class?","*Burglar"
"Source","\"The Book of Oaths\" is a quest item for which class?","*Captain"
"Source","Who is the final champion in Warg-pens of Dol Guldur?","*Kranklob"
"Source","Gaerdring and Gaerthel are the final champions of what instance?","*Great Barrow: The Maze"
"Source","What two settlements lie Southeast and Northeast of Bree?","*Staddle and Combe"
"Source","Where do you have to go to learn to ride a horse at level 20?","*Hengstacer Farms"
"Source","What hobbit village lies on the Bree-side of the Brandywine Bridge?","*Crickhollow"
"Source","In Lord of the Rings Online, what is the minimum number of members a kinship must have to avoid being disbanded?","*8"
"Source","How many Riddermark Skarn Ores does it take to craft one High Quality Riddermark Ingot?","*8"
"Source","The studio which produced the 1977 animated film \"The Hobbit\" also produced what classic stop-motion holiday animation?","*Rudolph the Red-Nosed Reindeer"
"Source","What two cities house two stables, each?","*Caras Galadhon and Bree"
"Source","What land lies to the north of Evendim?","*Forochel"
"Source","In the books, what gifts does Samwise Gamgee receive from Galadriel?","*A box of earth (from Galadriel's orchard) and a mallorn seed"
"Source","What member of The Fellowship os The Ring received no gift from Galadriel?","*Gandalf (as he was presumed dead)"
"Source","In the books, Grima Wormtongue did what to Lotho Sackville-Baggins?","*Killed and ate him."
"Source","What sword did Fingolfin wield, wounding Mortgoth seven times?","*Ringil"
"Source","In the books, who called the flood at the Ford of Bruinen, to kill the Ringwraiths and their mounts?","*Gandalf and Elrond"
"Source","In the books, who helped Frodo to the House of Elrond, evading the Black Riders?","*Glorfindel"
"Source","Who was the first of the Elves to be awakened by Eru Iluvatar?","*Imin"
"Source","Who created the Dwarves?","*Aule"
"Source","Who created Men and Elves?","*Iluvatar (Eru)"
"Source","Where did Tolkien say hobbits originated from?","*He never specified their origin."
"Source","What was the first and smallest of the Kindreds of the Eldar?","*Vanyar"
"Source","What three jewels were crafted by Feanor from the essence of the Two Trees of Valinor?","*The Silmarils"
"Source","Many years after Frodo and Bilbo, one more Hobbit travelled to The Undying Lands. Who?","*Samwise Gamgee"
"Source","In the language of Men, what does \"Lothlorien\" mean?","*Dream Flower"
"Source","Lothlorien was located between the rivers Andiun, and what?","*Silverlode (Celebrant)"
"Source","Who was Vilya, The Ring of Power carried by Elrond, was originally given to?","*Giil-Galad, last High King of the Noldor Elves."
"Source","The mallorn trees of Lothlorien were a gift from Tar-Aldarion, a king of the Numenor, to who?","*Gil-Galad"
"Source","What do mallorn trees not do, that most other broadleaf trees do?","*Lose their leaves"
"Source","Hobbits originally lived in the valley of what great river, before migrating?","*The River Anduin. Some Stoor Hobbits remained until late in the Third Age."
"Source","What does the Vala Irmo, commonly called Lorien, possess power over?","*Dreams and Visions"
"Source","What ore is mined and smelted for the first tier of prospecting?","*Copper"
"Source","What kind of hides come from the large herd-beasts in the North Downs?","*Sturdy"
"Source","The beasts of Great River provide what kind of hides?","*Calenard"
"Source","What type of ore is found throughout Dunland?","*Calenard Skarn"
"Source","Scholars craft what items of Battle and Warding?","*Scrolls"
"Source","Scholars make Legendary class items for Minstrels, and what other class?","*Lore-masters"
"Source","Who makes oils that hunters and wardens can use on their weapons?","*Scholars"
"Source","I am the bane of Drakes, Worms, Salamanders, Cave-claws. What damage type am I?","*Ancient Dwarf"
"Source","What damage type is most effective against Half-orcs, Spiders, Insects, Neekers, Crawlers, Ancient Evil, Morroval, Nameless, and Gaunts?","*Beleriand"
"Source","What greatly damages Trees, Roots, Lurker and Binder Vines, Beasts, Slugs, Snowbeasts, Wolves, Darkwater and Trolls?","*Fire"
"Source","What type of damage should you bring to a fight with Goblins, Orcs, Trolls, and Spiders?","*Light"
"Source","The Dead and Unseen fear me, including Gaunts and Wights, as well as Darkwater and The Decayed. What damage type am I?","*Westernesse"
"Source","What type of attack does extra damage to Orcs, Goblins and Uruks?","*Cries"
"Source","Dragon-kind are resistant to what type of attacks?","*Song"
"Source","Prospector. Metalsmith. Tailor. I'm your guy. What sort of profession of crafter am I?","*Armourer"
"Source","Digging at ores or making a blade, add woodcutting and thus this profession is made. What am I?","*Armsman"
"Source","Logcutter, Ore-digger, Leather to Stich. I'll scout the lands for them, making me rich! Who am I?","*Explorer"
"Source","At home in a field or a forge, or a book. When it's potions you need, it's to me that you look. Who am I?","*Scholar"
"Source","Ores or a Campfire over which I can cook. If you need new sparklies, it's to me that you look. What am I?","*Tinker"
"Source","Tilling the soil or chopping a tree, if you need a bow made, you'd best come to me. What am I?","*Woodsman"
"Source","From the earth to the plate, and a stitch or two thrown. I'm the only one who can cook what I've just grown! Who am I?","*Yeoman"
"Source","What crafting tier comes before all others?","*Apprentice"
"Source","What crafting tier comes before Expert?","*Journeyman"
"Source","What crafting tier comes before Artisan?","*Expert"
"Source","What crafting tier comes before Master?","*Supreme"
"Source","What crafting tier comes before Supreme?","*Master"
"Source","What crafting tier comes before Westfold?","*Supreme"
"Source","What crafting tier comes before Eastemnet","*Westfold"
"Source","What crafting tier comes before Westemnet?","*Eastemnet"
"Source","What class uses horns as a consumable item?","*Champion"
"Source","What class uses consumable enamels?","*Rune-keeper"
"Source","What class uses consumable strings?","*Minstrel"
"Source","What class uses Triple, String, and Quick varieties of consumable items?","*Hunter"
"Source","Consumable thrown weapons are staples of what class?","*Burglar"
"Source","What class uses crests as a consumable item?","*Captain"
"Source","What class uses crumbs as a consumable item?","*Lore-master"
"Source","What class uses Battle Hymns as a consumable item?","*Warden"
"Source","What class uses consumable tactics leaflets?","*Guardian"
"Source","Who is the leader of the people of Aughaire, in Angmar?","*Crannog"
"Source","Setting foot in seven locations passed by The Fellowship of the Ring in Moria grants you what Explorer Deed Title?","*Friend of the Nine"
"Source","The leader of the Dwarves at Durin's Threshold, what dwarf grants you your first quest in Moria?","*Thormoth"
"Source","What dwarf at The Chamber of Crossroads in Moria later seeks you out in Lothlorien to plead for help?","*Bosi"
"Source","Where do you find class trainers and a Vault Keeper in Moria?","*The Twenty-First Hall"
"Source","Where is the Vault-keeper in Eregion?","*Nowhere. There are none."
"Source","What two cities in Eastern Rohan have Vault Keepers?","*Harwick and Snowbourn"
"Source","In Evendim, where can you find a vault keeper?","*Tinnudir"
"Source","The only vault keeper in the towns of The Shire is found here.","*Michel Delving"
"Source","These providers of services are found only in Bree, Galtrev, Thorin's Hall, Michel Delving, and Rivendell. What are they?","*Barbers"
"Source","What reputation faction in Moria lets you purchase Goats, Guides, or Gauntlets?","*Iron Garrison Miners"
"Source","What reputation faction in Moria lets you buy Traits, Shields, and Scones?","*Iron Garrison Guards"
"Source","First Age Relics provide reputation with what faction?","*Thorin's Hall"
"Source","Dourhand Crests provide reputation with what faction?","*Thorin's Hall"
"Source","Tomb-Raiders Sashes are reputation items with whom?","*Wardens of Annuminas"
"Source","Who do Black Badges provide faction rep with?","*Wardens of Annuminas"
"Source","Bands of Numenor give how many reputation points with the Wardens of Annuminas?","*700"
"Source","The Mathom Society gives 700 points of reputation for two different types of mathom, Well-Kept and what?","*Gift"
"Source","A black and white-dappled steed is a reputation item from what faction?","*The Mathom Society"
"Source","What drinking society was founded by Hobbits?","*The Inn League"
"Source","What race founded The Ale Association?","*Dwarves"
"Source","What travelling faction do you gain reputation with by questing in Enedwaith?","*The Grey Company"
"Source","Silver Tokens of the Wild are a reputation barter item with what faction?","*The Grey Company"
"Source","What faction uses silver leaves and gold leaves as barter items?","*The Galadhrim of Lothlorien"
"Source","Questing in the Rift of Nurz Ghashu grants you reputation with what faction?","*The Eldgang"
"Source","The Lone-Lands provides reputation with what faction, for completing quests and killing enemies?","*The Eglain"
"Source","What regions' reputation faction are \"Survivors\"?","*Wildermore"
"Source","The reputation faction in North Downs is known as the what of Esteldin?","*Rangers"
"Source","What region is Rohan's northern-most border march?","*The Wold"
"Source","To gain reputation with factions of Eastern Rohan after completing their quests, what must you do?","*Rebuild Hytbold"
"Source","What reputation faction offers a Ring of the Falcon as a barter reward?","*Men of Dunland"
"Source","Treasures and trinkets give reputation with this faction. Who are they?","*Men of Bree"
"Source","This faction of warrior elves has no reputation items, only quests. Who are they?","*The Malledhrim"
"Source","Crafted Spears and Viols give reputation with what faction?","*Men of Bree"
"Source","What faction gives reputation for Spear-heads?","*The Lossoth of Forochel"
"Source","What faction gives reputation points for Luistins?","*The Lossoth of Forochel"
"Source","How many reputation points with the Lossoth of Forochel do Gauradan Claws grant?","*50"
"Source","What is the Lossoth of Forochel reputation item called a Luistin?","*A shoe, for running on ice"
"Source","Parth Celebrant is located in which region?","*Great River"
"Source","Limlight Gorge is an untamed wilderness in what land of Rhovanion?","*Great River"
"Source","What faction barters items for Bronze Feathers and Gold Stars?","*The Malledhrim"
"Source","What Malledhrim stronghold in Mirkwood is home to both the tower Nothgar, and a skirmish involving ballistae?","*Thangulhad"
"Source","What faction has a quest that involves singing to trees?","*The Galadhrim"
"Source","What faction do Elvish Relics give 700 reputation points for?","*The Elves of Rivendell"
"Source","What crafting profession makes reputation items for The Elves of Rivendell?","*Scholar"
"Source","What crafting profession makes reputation items for The Rangers of Esteldin?","*Tailor"
"Source","What crafting profession makes reputation items for The Men of Bree?","*Woodworker"
"Source","What faction do Signets of Rhudaur and Gobli-town Tabards give you reputation with?","*The Elves of Rivendell"
"Source","Which crafting profession makes reputation items accepted by The Mathom Society? ","*Cook"
"Source","How much reputation with The Mathom Society would a Strawberry Dessert-wine get you?","*100 points"
"Source","What faction do you get reputation from by using Bone Amulets?","*Council of the North"
"Source","What faction do you get reputation from by using a War Dispatch?","*Council of the North"
"Source","How many reputation points with Council of the North do you get by using a Wicked Dagger?","*50"
"Source","Questing in Carn Dum increases your reputation with which faction?","*Council of the North"
"Source","What is the name of the hidden refuge in the Himbar Mountains, in the northeast part of Angmar?","*Gath Forthnir"
"Source","What great spider lurks in Himbar, her hatchlings trained by the Angmarim to fight for Darkness?","*Bogbereth"
"Source","What resident faction do you gain reputation with by questing in Enedwaith?","*Algraig, Men of Enedwaith"
"Source","What level do you need to survive until to gain the title \"The Wary\"?","*Five"
"Source","What level do you need to survive until to gain the title \"The Undefeated\"?","*Ten"
"Source","What level do you need to survive until to gain the title \"The Indomitable\"?","*Fourteen"
"Source","What level do you need to survive until to gain the title \"The Unscathed\"?","*Seventeen"
"Source","What level do you need to survive until to gain the title \"The Undying\"?","*Twenty"
"Source","To get the Fishing title \"Trout-Master\", how many kinds of rare trout do you have to catch?","*Nine"
"Source","To get the title \"Breakfast Connoissuer\" you have to eat how many each of Eggs and Onions, Complete Hobbit Breakfasts, Delicious Crispy Bacons, and Hobbiton Omlets?","*Nine"
"Source","What title do you get if you eat six each of Fried Mushrooms, Mushroom Pies, Cooked Carrots, Stuffed Cabbages, Vegetable Medleys, and Ultimate Carrot Cakes?","*Vegetarian"
"Source","How many Lembas do you have to eat to get the title \"Cake-eater\"?","*100"
"Source","What food item nets you the title \"The Unwise\"? You really should have known better.","*Barrow-brie"
"Source","What race has kinships with officers given the title \"Caun\"?","*Elves"
"Source","The leader of a Hobbit Kinship is given what title?","*Chief"
"Source","An officer in a Kinship of Men is given what title?","*Provost"
"Source","What deed would you complete in The Warg-pens of Dol Guldur to get the title \"Warg-butcher\"?","*Leader of the Pack"
"Source","Defeating 60 trolls in Urugarth gets you what burly title?","*The Strong"
"Source","The title \"Lady/Lord of the Ashen Wastes\" is granted by defeating five champions in what place?","*Carn Dum"
"Source","\"Facing your Fears\" is a title granted for beating the three champions in which instance?","*The Halls of Night"
"Source","The title \"The Crate-collector\" is given by collecting five boxes within what instance?","*The Halls of Crafting"
"Source","Defeating ten trolls in the Dar Narbugud Raid gains you what title?","*Troll-tipper"
"Source","In Dar Narbugud, what must you collect five of to get the title \"Seeker of Toadstools\"?","*Mushrooms"
"Source","Collecting five plants in the waterworks of Nala-Dum grants you what title?","*Gardener of the Deep"
"Source","There is only one title given by the Rise of Isengard Expansion. What is it?","*Bathed in Fire"
"Source","The title \"Bathed in Fire\" comes from defeating what foe?","*Draigoch the Red"
"Source","In the instance Skumfil, what do you have to kill 100 of, in order to get the title \"Shell-smasher\"?","*Gredbyg"
"Source","What title do you get for defeating 60 of the spawn of Ungoliant in Skumfil?","*Web-shredder"
"Source","Defeating 20 trolls in what instance grants you the title \"The Resilient\"?","*Forges of Khazad-dum"
"Source","Defeating 60 orcs in what instance grants you the title \"The Hearty\"?","*The Sixteenth Hall"
"Source","The discovery of all seven items in Enedwaith pointing to the existence of hobbits dwelling there gives you what title?","*Little Wonder"
"Source","Finding all eight locations for the Moria deed \"Bulwarks of the Enemy\" gets you what title?","*Deep-delver"
"Source","You are sure you have fallen in every pit from the Hollin Gate to the East Gate of Moria. What title did you get?","*Blind Leaper"
"Source","From the depths of Moria to the peak of Weathertop, what pair do you have to find seven times in Middle-earth to get the title \"The Wanderer\"?","*Floid and Dewitt"
"Source","How many times do the traveling pair Floid and Dewitt make an appearance in Lord of the Rings Online?","*Fourteen"
"Source","A level 15 class quest grants the title \"Spearman of the March\" to whom?","*Wardens"
"Source","A level 15 class quest grants the title \"Eye of the Storm\" to whom?","*Rune-keepers"
"Source","A level 15 class quest grants the title \"Song Warrior\" to whom?","*Minstrels"
"Source","A level 15 class quest grants the title \"Well-Ordered Mind\" to whom?","*Lore-masters"
"Source","A level 15 class quest grants the title \"Swift Arrow\" to whom?","*HUnters"
"Source","What class gets the title \"Shield against Adversity\" from a level 15 quest?","*Guardian"
"Source","What class gets the title \"Blade of Renown\" from a level 15 quest?","*Champion"
"Source","You are an \"Inspiration to Men\". What class are you, to have gotten this title from a level 15 quest?","*Captain"
"Source","What class gets the title \"Thief in the Night\" from a level 15 quest?","*Burglar"
"Source","A level 30 quest gives members of this class the title \Ward of Justice\".","*"
"Source","A level 30 quest gives members of this class the title \"Harbinger of Peace\".","*Rune-keeper"
"Source","Who can use the title \"Ballad Master\", given by a level 30 class quest?","*Minstrels"
"Source","Who can use the title \"Nature's Fury\", given by a level 30 class quest?","*Lore-masters"
"Source","Who can use the title \"Earthborn\", given by a level 30 class quest?","*Hunters"
"Source","Who can use the title \"Stalwart Protector\", given by a level 30 class quest?","*Guardian"
"Source","You're not Bruce Lee, but you're still a \"Martial Artist\". You've completed a level 30 quest for which class?","*Champion"
"Source","You're a tried-and-true sort of person, and known as an \"Oath-keeper\". Who gets this title from a level 30 class quest?","*Captain"
"Source","At level 30, a class quest lets who take the moniker \"Trickster\"?","*Burglars"
"Source","What crafting vocation grants you the title \"Apprentice of Blades\"?","*Armsman"
"Source","What crafting vocation grants you the title \"Drudger\"?","*Yeoman"
"Source","What crafting vocation grants you the title \"Easily Lost\"?","*Explorer"
"Source","What crafting vocation grants you the title \"Handyman\"?","*Tinker"
"Source","What's your crafting profession, if they can call you \"Student of Metalwork\"?","*Armourer"
"Source","What's your crafting profession, if they can call you \"Student of the Past\"?","*Historian"
"Source","What's your crafting profession, if they can call you \"Student of the Woods\"?","*Woodsman"
"Source","When crafting within a tier, there are two ranks. Name the second.","*Master"
"Source","Receiving what emote eventually grants you the title \"The Adorable\"?","*hug"
"Source","Receiving what emote eventually grants you the title \"The Befuddling\"?","*confused"
"Source","Receiving what emote eventually grants you the title \"The Alluring\"?","*flirt"
"Source","Receiving what emote eventually grants you the title \"The Beloved\"?","*kiss"
"Source","Receiving what emote eventually grants you the title \"The Dull\"?","*bored"
"Source","Receiving what emote eventually grants you the title \"The Harassed\"?","*beg"
"Source","They've done this to you a hundred times, and you're now \"The Helpful\". What emote did they perform?","*thank"
"Source","They've done this to you a hundred times, and you're now \"The Infuriating\". What emote did they perform?","*angry"
"Source","You're called \"The Insulted\". What emote did they perform?","*rude"
"Source","You're known as \"The Intimidating\"! What emote did they perform to get you that title?","*cower"
"Source","You're known as \"The Naughty\"! What emote did they perform to get you that title?","*scold"
"Source","You're known as \"The Ridiculed\"! What emote did they perform to get you that title?","*mock"
"Source","All hail \"The Victorius\"! What emote got you that title?","*surrender"
"Source","Most emote titles require receiving a hundred emotes, five per day. This one is offended at requiring TWO hundred. What is it?","*The Insulted"
"Source","What have you done to acquire the title \"Fruit-hucker\"?","*Thrown rotten fruit at actors"
"Source","Where can you become a Villain, a Protagonist, an Extra, or a Laughing-stock?","*Frostbluff Theater"
"Source","How did you get the title \"Petal Pusher\"?","*Thrown Flower Petals"
"Source","Fortunes are found in cookies during what festival?","*Spring Festival"
"Source","How many different fortunes are there in Extra Deliciously Tasty Biscuits?","*Fifty"
"Source","You're a \"Creep\". Who have you become Kindred with to get that title?","*The Ale Association"
"Source","You became an acquantaince, and got called \"The Sinister\". An acquaintance of whom?","*The Ale Association"
"Source","What is the minimum number of boars you have to kill in order to get the title \"Pork-chopper\"?","*Seven"
"Source","You're such a \"Do-Gooder\". Who have you been completing quests for, to get called that?","*The Inn League"
"Source","After much rigorous beverage endurance testing *hic* you are now a \"Sage of Fine Spirits\" according to what faction?","*The Inn League"
"Source","Ka-BOOM! How many fireworks did you launch to get the title \"Master Blaster\"?","*Three Hundred! Fifty each of Blue, Green, Orange, Purple, Red, and Yellow."
"Source","Receiving 200 laugh emotes grants you the ability to do.... what?","*juggle"
"Source","It is only possible to become an enemy of two factions in the game. Who are they?","*The Ale Association, and the Inn League"
"Source","Heathfells is an area within what region of southern Eriador?","*The Gap of Rohan"
"Source","What day is Bilbo's Birthday?","*September 22nd"
"Source","What does the Sindarin phrase \"Mae Govannen\" mean?","*Well Met"
"Source","What does the Sindarin phrase \"Pedo mellon a minno\" mean?","*Speak Friend and Enter"
"Source","What does \"Galu!\" mean in Sindarin?","*Good Bye/Good Luck"
"Source","What King under the Mountain did Smaug force into exile?","*Thror"
"Source","Although there are some noted issues, what book by Karen Wynn Fonstad is considered the best compendium of maps of Middle-earth?","*The Atlas of Middle-earth"
"Source","The Tolkien Society (UK) publishes what bi-monthly periodical?","*Amon Hen"
"Source","What is the annual journal of The Tolkien Society (UK) called?","*Mallorn"
"Source","What was the first book published by J.R.R. Tolkien?","* A Middle English Vocabulary, published in 1922 By Clarendon Press, OXford"
"Source","What work did Tolkien begin to components of first, but was published after he died?","*The Silmarillion"
"Source","In the books, Frodo jumps on a table at The Prancing Pony and recites a poem. What is it called?","*The Man in the Moon Stayed Up Too Late"
"Source","(Books) At the Prancing Pony, Frodo recites the poem \"The Man in the Moon Stayed Up Too Late\". But who wrote it?","*Bilbo Baggins"
"Source","(Books) According to a poem written by Bilbo and recited by Frodo, who came down to drink his fill at the merry old in beneath an old grey hill?","*The Man In The Moon"
"Source","What parody of \"The Lord of the Rings\" was published in 1969 by The Harvard Lampoon?","*\"Bored of the Rings\""
"Source","In the parody \"Bored of the Rings\", what are hobbits renamed as?","*Boggies"
"Source","In the parody \"Bored of the Rings\", where do the events take place?","*Lower-Middle Earth"
"Source","In the parody \"Bored of the Rings\", what is the name of the Wizard?","*Goodgulf Greyteeth"
"Source","In the parody \"Bored of the Rings\", what is the ring-bearer named?","*Frito Bugger"
"Source","In the parody \"Bored of the Rings\", what is the name of the elf in the fellowship?","*Legolam"
"Source","In the parody \"Bored of the Rings\", what names are used for Gondor and Mordor?","*\"Twodor\" and \"Fordor\""
"Source","According to Tolkien, what color hair did Legolas have?","*Tolkien never said, deliberately avoiding description."
"Source","Tolkien described which character as \"the spirit of the (vanishing) Oxford and Berkshire countryside\"?","*Tom Bombadil"
"Source","Which character in \"The Lord of the Rings\" does not seem to be affected at all by the ring being in close proximity?","*Tom Bombadil"
"Source","What river runs through The Old Forest?","*The Withywindle"
"Source","Who is the \"wife\" of Tom Bombadil?","*Goldberry"
"Source","Tom Bombadil's wife, Goldberry, is thought to be whose daughter?","*The River Withywindle"
"Source","Who directed the 1978 animated film version of \"The Lord of the Rings\"?","*Ralph Bakshi"
"Source","What name did TOlkien have engraved on his wife's tombstone?","*Luthien"
"Source","Who was the Huntsman of the Valar, that first found the Elves upon their awakening in Middle-earth?","*Orome"
"Source","What Valar was the Judge of the Dead, and keeper of the souls of Elves?","*Mandos"
"Source","Which Valar, known as \"The Strong\", tipped the scales agains Melkor?","*Tulkas"
"Source","What Valar was the tutor of Gandalf?","*Nienna"
"Source","What Valar was known as \"The Lady of Mercy\"?","*Nienna"
"Source","What does the Valar Nienna constantly do, that helps explain the deep compassion of her student, Gandalf?","*Weep (tears of healing and pity)"
"Source","Which Valar, called \"Queen of the Stars\", was the spouse of Manwe?","*Varda"
"Source","Who called Melkor by the name \"Morgoth\", by which he was forever-after known?","*Feanor"
"Source","What does \"Morgoth Bauglir\", as Melkor became named, mean?","*The Great Enemy"
"Source","What language did Orome try to teach to the speechless Elves he found after their awakening?","*Valarin"
"Source","Why did Orome eventually teach the Elves Quenya instead of the language of the Valar?","*Valarin was too difficult to understand"
"Source","Who devised the language of the Dwarves?","*The Vala Aule, their creator"
"Source","According to Tolkien, what is the real \"historical\" plural of \"Dwarf\"?","*\"Dwarrows\" or \"Dwerrows\""
"Source","Which race did the rings of power have the most difficulty corrupting?","*Dwarves, whose greed was merely amplified"
"Source","In all of his writings, Tolkien only mentions the name of one female Dwarf. What is it?","*Dis"
"Source","In all of his writings, Tolkien only mentions the name of one female Dwarf. Who was she?","*The mother of Fili and Kili, from \"The Hobbit\""
"Source","Elwe, one of the First Elves, became an Elven King, under what name?","*Thingol"
"Source","Thingol built a massive city and fortress named Menegroth,under a great hill in Doriath. What does \"Menegroth\" mean?","*Thousand Caves"
"Source","Whose realm in Beleriand was named \"Doriath\"?","*The Sindar, Grey Elves of King Thingol."
"Source","What nickname is given to the realm of Doriath, due to an enchantment placed by its queen?","*\"The Fenced Land\", as afterwards, none could enter without the leave of King Thingol."
"Source","Who was the Queen of Doriath, spouse of Thingol?","*Melian"
"Source","Where did Numenor lay, in relation to the lands of Eriador and Rhovanion?","*To the West"
"Source","What sunken lands lie west of Eriador and Rhovanion?","*Beleriand"
"Source","What river begins as two different streams near where the Misty Mountains met the Grey?","*The River Anduin"
"Source","What is the proper name of The Great Sea, to the west of Middle-earth?","*Belegaer"
"Source","In the First Age, what river separated Eastern Beleriand from Western?","*Sirion"
"Source","What was the name of the feast held by Fingolfin, which all Elves in Beleriand attended?","*The Feast of Reuniting"
"Source","Who killed Brodda, The Easterling?","*Turin"
"Source","Who slew the father of dragons, Glaurung?","*Turin"
"Source","Who was the largest of all dragons of Middle-earth?","*Ancalagon, The Black"
"Source","What was unusual about Earendil's ship, \"Vingilot\"?","*It flew through the skies."
"Source","What consumed four of the Dwarven Rings of Power, but was not hot enough to consume The One Ring?","*Dragon fire"
"Source","The Fire Drakes, or Uruloki, were brought forth in what fortress deep in the earth?","*Angband"
"Source","Who crushed Thangorodrim, a group of three volcanic mountains in Beleriand?","*Ancalgon The Black"
"Source","Who was the father of Elrond?","*Earendil"
"Source","When is Half-elven, not half-elven?","*When it's Elrond. His last name \"Half-elven\" was from his father, but at the end of the First Age he chose to be counted among the Elves."
"Source","Who was Elrond's twin brother?","*Elros, First king of Numenor."
"Source","Two of the same, but twice-wise cleft. One life remains, one life bereft. Who are they?","*Elrond and Elros. First, taken from their parents, later, one chose Elven path and the other the Path of Man."
"Source","Hey! Come derry dol! Hop along, my hearties! Who am I?","*Tom Bombadil"
"Source","\"All that is gold does not glitter, Not all those who wander are lost.\" Who is this riddle about?","*Aragorn (Strider)."
"Source","Who sang \"The Road goes ever on and on, Down from the door where it began, Now far ahead the Road has gone, And I must follow if I can\"?","*Bilbo Baggins (The Old Walking Song)"
"Source","The words \"Snow-white! Snow-white! O Lady clear! O Queen beyond the Western Seas!\" are sung about whom?","*Elbereth Glithoniel"
"Source","While still in The Shire, Sam and Frodo hear wood elves singing a hymn about whom?","*Elbereth Glithoniel"
"Source","What does the name \"Glithoniel\" mean?","*Star-kindler"
"Source","Within 100 years, what was the year when Isildur defeated Sauron during the first War of the Ring?","*Second Age, 3441"
"Source","In \"The Lord of the Rings\", what was Aragorn's battle-cry?","*\"Elendil!\""
"Source","What is this called? \"Out of the Great Sea to Middle-earth I am come. In this place I will abide, and my heirs, unto the ending of the world.\"","*The Oath of Isildur, translated to Westron."
"Source","What did Aragorn sing in Quenya during his crowning as the new King of Gondor?","*The Oath of Isildur"
"Source","Who was the brother of Isildur, who jointly ruled Rohan with his brother?","*Anarion"
"Source","How many known \"Heirs of Isildur\" were there?","*Thirty-nine"
"Source","Direct descendants of the man who defeated Sauron in the first War of the Ring are known by what title?","*Heirs of Isildur"
"Source","Before Aragorn II, who was the last Heir of Isildur to rule as a King of the North-kingdom?","*Arvedui, From TA 1964-1975"
"Source","What title did the line of Isildur's Heirs continue under after the fall of the North-kingdom?","*Chieftain of the Dunedain"
"Source","Who was the last Chieftain of the Dunedain?","*Aragorn II"
"Source","What was the kingdom of Aragorn II called, following the War of the Ring?","*The Reunited Kingdom"
"Source","What two kingdoms were established by Elendil and his sons at the end of the second age?","*Arnor and Gondor"
"Source","The North-kingdom of the Dunedain was called what?","*Arnor"
"Source","What two kingdoms were brought together by Aragorn as The Reunited Kingdom?","*Arnor and Gondor"
"Source","In TA 1944, who played a chief role in rejecting Arvedui's claim to the throne, thwarting the re-unification of Arnor and Gondor?","*Pelendur"
"Source","What land lies east of the Fords of Isen?","*The Westemnet"
"Source","North of The Wold, what part of Great River is the great untamed wilderness?","*"
"Source","What land lies to the west of Eriador?","*Lindon"
"Source","What land lies east of Rhovanion?","*Rhun"
"Source","What land, south-east of Mordor, supplied SDauron with steeds?","*Khand"
"Source","Our lands are called both Near and Far, but Gondor knows just what we are. What are we?","*Near Harad and Far Harad, the lands southeast of Gondor."
"Source","What people hail from the lands southeast of Gondor?","*The Haraddrim, or Southrons"
"Source","What land is covered mostly by jungles, from whence giant Mumakil come?","*Far Harad"
"Source","What land, far to the south of Gondor, was the home of the sea-faring corsairs?","*Umbar"
"Source","What outlying land did Gollum describe as \"Where the yellow face is bright and terrible\"?","*Near Harad"
"Source","What great-grandson of Castamir The Usurper became an important figure among the Haradrim?","*Sangahyando"
"Source","The NUmenorians who survived the fall of Numenor were divided into what two factions?","*The Faithful, and Black NUmenorians"
"Source","During what war was Beleriand destroyed, soon to fall beneath the waves?","*The War of Wrath"
"Source","What haven in Beleriand were Elrond and his brother Elros born in?","*Arvernien"
"Source","Who were the three trolls encountered by Bilbo in \"The Hobbit\"?","*Tom, Bert, and Bill"
"Source","Who called out \"Slash them! Beat them! Bite them! Gnash them!\"?","*The Goblin King"
"Source","What was the fairest treasure from under the Lonely Mountain?","*The Arkenstone of Thrain"
"Source","Where is Smaug's weak spot?","*In the shell of his left breast"
"Source","Who had \"a Waistcoat of Diamonds\"?","*Smaug, according to Bilbo's flattery"
"Source","What actor, when invited by Peter Jackson to the premiere of \"The Hobbit: An Unexpected Journey\" asked \"Am I still in the movie?\"","*Christopher Lee"
"Source","In the Peter Jackson Hobbit films, Gandalf says he can't remember the names of two wizards and calls the \"the blue ones\". Why?","*Alatar and Pallando are from \"Unfinished Tales\", but the filmmakers don't have rights to that work."
"Source","How many cast members, including extras, used their natural hair in \"The Hobbit: An Unexpected Journey\"?","*None. Every single one of them is wearing a wig."
"Source","Although she was in all three films of the Peter Jackson Hobbit trilogy, what actress was only on set for eight days?","*Cate Blanchett"
"Source","What director left \"The Hobbit: An Unexpected Journey\" after years spent stuck in pre-production, putting Peter Jackson back in the director's chair?","*Guillermo del Toro"
"Source","Who never speaks, in \"The Hobbit: An Unexpected Journey\"?","*Humans."
"Source","Who provides the voice of Smaug the Golden in Peter Jackson's Hobbit trilogy?","*Benedict  Cumberbatch"
"Source","The actor who plays Bilbo and the actor who voices Smaug in the Peter Jackson Hobbit Trilogy, played the two lead character in what BBC series?","*Sherlock"
"Source","in the Peter Jackson Hobbit trilogy, what character was originally an actor in prosthetics, but was digitally replaced after the director felt he lacked presence?","*Azog"
"Source","Whcih dwarf never utters a word during the movie \"The Hobbit: An Unexpected Journey\"?","*Bombur"
"Source","What didn't \"The Hobbit: An Unexpected Journey\" do, that all three of Jackson's Lord of the Rings trilogy did?","*Get nominated for a Best Picture Oscar"
"Source","What earlier movie featured \"The Hobbit: An Unexpected Journey\"'s Martin Freeman, and had acting cameos from the actress playing Galadriel, as well as the director?","*Hot Fuzz"
"Source","In one film trilogy, it's a meeting place between the orcs and Azog. In another, it's the location of a fateful fight. Where is it?","*Weathertop (Amon Sul)"
"Source","In \"The Hobbit: An Unexpected Journey\", who is the ghost that attacks Radagast the Brown?","*The Witch-king of Angmar"
"Source","How many volumes does \"The History of Middle-earth\" consist of?","*Twelve"
"Source","Who compiled, edited, and wrote large swaths of \"The History of Middle-earth\"?","*Christopher Tolkien, J.R.R. Tolkien's son"
"Source","How long did the First Age last (approximately)?","*590 years"
"Source","The overthrow of Morgoth by the combined forces of Beleriand and Valinor signalled.... what?","*The end of the First Age"
"Source","What was the time before The First Age known as?","*The Years of the Trees"
"Source","Who was the first High King of the Noldor?","*Finwe"
"Source","Who were the rival sons of Finwe, the first High King of the Noldor?","*Feanor and Fingolfin"
"Source","What relation were Feanor and Fingolfin to one another?","*Half brothers"
"Source","What was the name of the city of the Noldor in Valinor, in the realm of Aman?","*Tirion"
"Source","When Elves head into the west and decline, what is their destination?","*Valinor, in Aman, also called the Blessed Lands."
"Source","What mystical route peels away from the earth, and is used by Elves to reach Aman?","*The Straight Road"
"Source","What realm was cleaved away from Middle-earth so that mortals could no longer travel there?","*Aman, the Blessed Realm of the Valar and Elves"
"Source","What two races in \"The Lord of the Rings\" have pointed ears?","*Elves and Hobbits"
"Source","The name of the crafters of the rings of power, Gwaith-i-Mírdain, means what?","*Brotherhood of Jewel-smiths"
"Source","What was the name of the Lord of the Balrogs?","*Gothmog"
"Source","Who lost his life to kill Gothmog, the Lord of the Balrogs, in THe Fall of Gondolin?","*Ecthelion"
"Source","The High Captain of Angband was of what race?","*Balrog (Gothmog, Lord of The Balrogs)"
"Source","Who did the balrog Gothmog mortally wound at Dagor-nuin-Giliath?","*Feanor"
"Source","The battle where Feanor was mortally wounded was called \"Dagor-nuin-Giliath\". What does this name mean?","*Battle under the Stars"
"Source","Whose fiery spirit burned his body to ashes, as he thrice cursed the fortress Angband?","*Feanor"
"Source","What sort of lamps of ancient days \"sent forth a clear blue light from a flame imprisoned in white crystal\"?","*Feanorian lamps"
"Source","Tauremorna, Ambarona, and Aldalome are all names of the forest called what, in the language of men?","*Fangorn Forest"
"Source","Elves depart Middle-earth for Valinor from The Grey Havens, a seaport at the mouth of what river in western Eriador?","*The River Lhun"
"Source","\"The Grey Havens\", where elves depart from middle-earth, is also called by what name?","*Mithlond"
"Source","The entrance to Moria from Lothlorien is known by what name?","*The Great Gates, Dimrill Gate, or East Gates"
"Source","\"Farmer Giles of Ham\" was a short stroy written by J.R.R. Tolkien, about encounters between Farmer Giles and a dragon named what?","*Chrysophylax"
"Source","This name is a family of hobbits, an alias taken during travels, and a village. What is it?","*Underhill"
"Source","I carried a burden that too long did linger; and sending it home, well, that cost me a finger. Who am I?","*Frodo Baggins"
"Source","This thing that I stole, I had not a clue... what its true nature was, but then neither did you! What was it?","*The One Ring"
"Source","Lost in the dark as the centuries passed, I prefer a wriggling, scaly repast. Who am I?","*Gollum"
"Source","Come into my parlor, and please don't be rude! For Frodo and Sam will one day, meet my brood. Who am I?","*Ungoliant"
"Source","I'm his right hand, his protector, his cook... I'm simpler than Merry, and stronger than Took. Who am I?","*Sam Gamgee"
"Source","I'm braver than smart, though I had to get there. I'm the fool whose mistakes poor Gandalf had to bear. Who am I","*Peregrin (Pippin) Took"
"Source","I'm smarter than you'd ever tell at one look, even if my best of friends is a fool of a Took. Who am I?","*Meriadoc (Merry) Brandybuck"
"Source","I protected the hobbits though my cost was quite dear; my sword took down foes as my horn sounded clear. Who am I?","*Boromir"
"Source","I started out dingy and ended up bright; it didn't take bleach to turn gray into white. Who am I?","*Gandalf"
"Source","My eyes, sharper than any blade in the land; but it's arrows I choose to drop foes where they stand. Who am I?","*Legolas"
"Source","As a young boy I grew up as an elf, though now I must stand and proclaim my true self. Who am I?","*Aragorn II (Strider)"
"Source","I'm fierce and I'm sturdy, and sure of my self. I joined up to keep a close eye on that elf. Who am I?","*Gimli"
"Source","They say I'm a witch but I'm Nenya's best friend. I see many paths but don't know which is the end. Who am I?","*Galadriel"
"Source","What Easterling chieftain's betrayal of Feanor was \"The Treachery of Men\"?","*Ulfang, the Black"
"Source","What character inspired the Warden class?","*Haldir, marchwarden of Lothlorien"
"Source","What character inspired the Guardian class?","*Samwise Gamgee"
"Source","What character inspired the Captain class?","*Earnur (the final king of Gondor)"
"Source","What character inspired the Minstrel class?","*Luthien Tinuviel"
"Source","What character inspired the RUne-keeper class?","*Celebrimbor"
"Source","What character inspired the Lore-master class?","*Elrond Half-elven"
"Source","What character inspired the Hunter class?","*Legolas"
"Source","What character inspired the Burglar class?","*Bilbo Baggins"
"Source","What character inspired the Champion class?","*Gimli"
"Source","What is the name of Elvish Ring of Power known as the Ring of Air?","*Vilya"
"Source","What is the name of Elvish Ring of Power known as the Ring of Fire?","*Narya"
"Source","What is the name of Elvish Ring of Power known as the Ring of Adamant?","*Nenya"
"Source","These three are of Fire, Adamant, and Air; what are they?","*Elven Rings of Power"
"Source","Durin's Folk, a clan of Dwarves were also called what?","*Longbeards"
"Source","Which clan of Dwarves held Mount Gundabad in defiance of Durin's Folk, leading to a siege by Durin II?","*Ironfists"
"Source","Who was the eldest Dwarf of all?","*Durin"
"Source","Where was Durin laid, to be awoken after the awakening of the First Elves?","*Mount Gundabad"
"Source","How many Dwarvish clans were there in Middle-earth?","*Seven"
"Source","Out of all of the Dwarves created by Aule, why was Durin different?","*No mate was created for him."
"Source","Where did the Dwarf Clans of Firebeards and Broadbeams reside?","*The Blue Mountains"
"Source","Legolas said \"If Gondor has such men still in these days of fading, great must have been its glory in the days of its rising\" about whom?","*Imrahil, Prince of Dol Amroth"
"Source","Who briefly served as Steward of Gondor at the insistence of Aragorn after the death of Denethor?","*Imrahil, Prince of Dol Amroth"
"Source","Legolas called him \"a fair lord and a great captain of men\". Who was he?","*Imrahil, Prince of Dol Amroth"
"Source"," Not a nasty, dirty, wet hole... nor yet a dry, bare, sandy hole... it was a hobbit-hole, and that means\"... what?","*Confort"
"Source","Who tells Gimli \"Let him not vow to walk in the dark, who has not seen the nightfall\"?","*Elrond Half-elven"
"Source","What was the name of Morgoth's mighty mace which he wielded against Fingolfin?","*Grond, Hammer of the Underworld"
"Source","Who says \"I am glad you are here with me. Here at the end of all things\"?","*Frodo Baggins"
"Source","What is the name of the steed of Eomer, who bore Eomer and Gimli to Helm's Deep?","*Firefoot"
"Source","Brother of Gwaihir the Lord of the Eagles, this great eagle was claimed by Gandalf to be the fastest of the eagles of the Misty Mountains.","*Landroval"
"Source","What jewel, worn by Elendil and his heirs, and later the Chieftains of the Dunedain, was recovered from Saruman's treasure at Orthanc by Aragorn?","*Elendilmir"
"Source","What name did Aragorn's mother give him when she took him with her to live with the Elves of Rivendell?","*Estel"
"Source","What does the Rohirrim term \"Riddermark\" mean?","*Land of the Riders"
"Source","Where was Smeagol born and raised?","*Gladden Fields"
"Source","What river was the site of Isildur's ambush by orcs?","*Gladden River"
"Source","What is the name of the cold, shallow stream that runs from the Misty Mountains to the river Silverlode on the western borders of Lothlorien?","*Nimrodel"
"Source","What was the name of the Elven Maiden who loved the Sindarin Amroth, the King of the Wood of Lorien, but whose love ended in tragedy?","*Nimrodel"
"Source","The name of the Elven maiden Nimrodel means what?","*\"Maiden of the White Grotto\""
"Source","\"Fangorn\" is Sindarin for what?","*\"Treebeard\""
"Source","What was the name given to a meeting of Ents?","*Entmoot"
"Source","How long did the Entmoot (Ent meeting) regarding Saruman's treachery, last?","*Three days"
"Source","What name was Aragorn given by the people of Minas Tirith, reflecting the name of his gift from Galadriel (in the Books)?","*\"Elessar\""
"Source","What does the name \"Elessar\" mean?","*Elfstone"
"Source","What gem of legend, green as the leaves but with the light of the sun trapped within, may have been carried from Middle-earth to Valinor and back?","*Elessar, the Elfstone"
"Source","What was Elrond's wife named?","*Celebrian"
"Source","Where was Elrond's wife at the time of the second War of the Ring?","*Valinor"
"Source","What flag had a black field, with seven stars wrought of gems, a white tree for Gondor, and a crown wrought of mithril and gold?","*The Standard of Elendil"
"Source","Its seven stars represent the stars on the flags of the seven of the nine ships that escaped the fall of Numenor, which carried Palantiri. What is it?","*The Standard of Elendil "
"Source","Who made the Palantiri?","*The Elves  of Valinor"
"Source","What river, also called Loudwater, once formed the southern border of the Kingdom of Arnor?","*Bruinen"
"Source","What is the ford of the Bruinen called near Rivendell?","*The Edge of the Wild"
"Source","What river of Rohan flows out of the Glittering Caves and past the Hornburg?","*The Deeping Stream"
"Source","What does the Sindarin name \"Ered Nimrais\" mean?","*White Mountains"
"Source","What mountains is Helm's Deep a large valley in?","*The White Mountains"
"Source","What is the keep at Helm's Deep named?","*The Hornburg"
"Source","Where did Gimli establish a colony of Durin's Folk, following the second wWar of the Ring?","*The Glittering Caves"
"Source","Who was known as \"The Lord of the Glittering Caves\"?","*Gimli"
"Source","What stood atop the tower of the Hornburg?","*The Great Horn of Helm Hammerhand"
"Source","Who is Helm's Deep named after?","*Helm Hammerhand, ninth king of Rohan and the last of the first line."
"Source","What was the first House to rule Rohan?","*The House of Eorl"
"Source","The founder of Rohan was what youthful Lord?","*Eorl the Young"
"Source","What age was Rohan founded in?","*The Third Age, 2510"
"Source","What second king of Rohan built the Meduseld, making Edoras the capital of Rohan?","*Brego"
"Source","What is the capital city of Rohan?","*Edoras"
"Source","What is the name of the Golden Hall of the King of Rohan?","*Meduseld"
"Source","What does the name \"Meduseld\" mean?","*It's Anglo-Saxon for \"Mead Hall\"."
"Source","Who was the doorward of Meduseld and captain of the guard for King Theoden?","*Hama"
"Source","In the Peter Jackson films, the young boy being outfitted to fight at Helm's Deep who speaks with Aragorn is who?","*Haleth, son of Hama"
"Source","In the films, how does Hama, captain of Theoden's guard, die?","*His head is bitten off by a warg-rider scout, which is in turn killed by Legolas."
"Source","What is the name of the river that the Elven maiden Nimrodel walked as she left the White Mountains?","*Gilrain"
"Source","The Morthrond is a river in which region?","*Gondor"
"Source","Gwaihir, Landroval, and which eagle saved Frodo and Sam from Mount Doom?","*Meneldor"
"Source","What dark region of the Great Sea does Bilbo write about in his \"Song of Earendil\"?","*Evernight"
"Source","What jewel does Aragorn persuade Bilbo to feature in his \"Song of Earendil\"?","*Elessar, the Elfstone"
"Source","What is the name of the public test server for Lord of the Rings Online?","*Bullroarer"
"Source","What is the name of the private preview server for Lord of the Rings Online?","*Palantir"
"Source","What does \"Emnet\" (as in \"Eastemnet\") mean in Rohhric?","*\"plain\""
"Source","What spearates Eastemnet from Westemnet?","*The River Entwash"
"Source","Where are Eastfold and Westfold located?","*In the Westemnet, in Rohan."
"Source","What does \"Fold\" (as in \"Westfold\") mean?","*\"land\""
"Source","Dunharrow was a  refuge of the Rohirrim hidden in what mountains?","*The White Mountains"
"Source","\"The Paths of the Dead\" lay near to what Rohirrim refuge?","*Dunharrow"
"Source","Where do Calenard hides and ore take their name from?","*Calenardhon, a region of Anorien in the north of Gondor."
"Source","What does the Sindarin name \"Calenardhon\" mean?","*Green Province, or Green Region"
"Source","What is the highest rank within the Rohhric Military?","*First Marshal"
"Source","What does the First Marshal of Rohan command?","*The Muster of Edoras, made up of riders of Edoras and the surrounding lands."
"Source","What does the name \"Rohan\" mean?","*It is a debased form of the Sindarin \"Rochan\", meaning \"Horse Country\"."
"Source","Who did Tolkien intend to represent with the tribes of the Dunlending?","*The Celts"
"Source","What does the kingdom name \"Arnor\" mean in Sindarin?","*\"Land of the King\"."
"Source","What branch of hobbits in the Third Age, the first to cross the Misty Mountains, settled in the South Downs in the West of Cardolan?","*Harfoots"
"Source","What does \"Cardolan\" mean in Sindarin?","*Red Hill Country"
"Source","What region included the area covered by the Barrow Downs, the Old Forest, and Buckland?","*Cardolan"
"Source","What was once housed in the fortress atop Amon Sul?","*A palantir"
"Source","Where did the fell spirits haunting the Barrow Downs come from?","*Angmar"
"Source","The lake called \"Nenuial\" in Sindarin, meaning \"Lake of Twilight\", is called what, by Men?","*Lake Evendim"
"Source","What does the name \"Annuminas\" mean in Sindarin?","*Tower of the West"
"Source","Why was the name \"Gondor\", meaning \"Land of Stone\", thought to have been chosen for the region?","*Becuase of the advanced skill of their stonemasons"
"Source","The river Gwathlo is named what, in the language of men?","*Greyflood"
"Source","What defines the border between Rohan and Gondor?","*The Mering Stream, between the provinces Eastfold and Anorien."
"Source","What mountain peak stands at the head of the valley of Harrowdale, where Dwarrowdelf is situated?","*Dwimorberg"
"Source","What paths lie under the mountain Dwimorberg?","*The Paths of the Dead"
"Source","What is the name of the craggy highlands surrounding the lake Nen Hithoel, in which Sam and Frodo were lost for days?","*Emyn Muil"
"Source","Where does Gollum lead Frodo and Sam, wouth of Emyn Muil?","*The Dead Marshes"
"Source","The Dead Marshes hold the images of the fallen from what battle?","*The Battle of Dagorlad, at the end of the Second Age"
"Source","What was begun by the banishment of Morgoth into the Void by the Lords of the West?","*The Second Age."
"Source","The Awakening of the Elves began what in Middle-earth?","*The First Age."
"Source","The defeat of Sauron by Isildur heralds what, in Middle-earth?","*The Third Age."
"Source","The Shire was founded in what year of the Third Age?","*TA 1601"
"Source","How old does Aragorn II live to be?","*210"
"Source","Who is the heir of Aragorn, King of the Reunited Kingdom?","*His son, Eldarion"
"Source","Whose bodies are laid to rest beside Aragorn, King of the Reunited Kingdom?","*Pippin and Merry"
"Source","What did the departure of the bearers of the three rings for Valinor signify?","*End of the Third Age/Start of the Fourth Age"
"Source","Who beheld Sauron's intent, and hid their rings of power from his corruption?","*The Elves"
"Source","What does the Sindarin name \"Ered Mithrin\" mean?","*Grey Mountains"
"Source","What is the name of the bridge over the river Mitheithel, between The Lone Lands and Trollshaws?","*The Last Bridge"
"Source","The northern border of Mordor is formed by Ered Lithui, which means what?","*Mountains of Ash"
"Source","In Lord of the Rings online, you have to take a ferry across, but in the books it's crossed at The Old Ford. What River is it?","*The Anduin"
"Source","What is the name of the road that runs east-west through Mirkwood?","*Old Forest Road"
"Source","What road ran from Beleriand, through Ered Luin, all the way to the Misty Mountains?","*The Great East Road"
"Source","Who was the last king of the second line of Rohan?","*Theoden"
"Source","Who was the last king of the first line of Rohan?","*Helm Hammerhand"
"Source","Who was the first king of the third line of Rohan?","*Eomer"
"Source","This section of the North-South road got its name because it was used so little in the Third Age, it had become overgrown with grass.","*The Greenway"
"Source","What is the farmland of Farmer Maggot called?","*Bamfurlong"
"Source","The fertile, but marshy farmlands along the Brandywine River are called what?","*The Marish"
"Source","What does the name \"Michel Delving\" mean?","*\"Large Excavation\""
"Source","What lands, added to the Shire in the Fourth Age, ran from the Shire's former western border, to the Tower Hills?","*The Westmarch"
"Source","Who granted ownership of the Westmarch to the hobbits of the shire?","*Aragorn (Elessar), King of the Reunited Kingdom."
"Source","Who granted the Hobbits of the Shire self-rule?","*Aragorn (Elessar), King of the Reunited Kingdom."
"Source","One point of Vitality increases the Morale of tank classes by how much?","*5 points"
"Source","One point of Vitality increases the Morale of non-tank classes by how much?","*3 points"
"Source","What stat increases your In-Combat Morale Regeneration?","*Fate"
"Source","What stat increases your Non-Combat Morale Regeneration?","*Vitality"
"Source","How many points of Power do non-Will classes gain per level?","*50"
"Source","How many points of Power do Will classes (Lore-master, Rune-keeper, and Minstrel) gain per level?","*65"
"Source","What stat increases both your non-combat, and combat, Power regeneration?","*Fate"
"Source","What stat increases your Evade, Parry, and Critical ratings?","*Agility"
"Source","What stat increases your Block, Parry, and Physical Mitigation ratings?","*Might"
"Source","What ratings-based stat directly reduces the resistance of monsters?","*Finesse"
"Source","What race and class has the highest Morale at level one?","*Hobbit Guardian (252 Morale)."
"Source","What mounted combat discipline is focused purely on damaging foes?","*Red Dawn"
"Source","What mounted combat discipline is focused solidly on healing and support?","*Rohhirim"
"Source","What mounted combat discipline is a balance between damage and support? ","*Riddermark"
"Source","What color is given to the \"Rohhirim\" mounted skill line ?","*Blue"
"Source","What color is given to the \"Riddermark\" mounted skill line?","*Yellow"

"Source","In Sindarin, which mounted skill line would be called \"Caranaur\"?","*Red Dawn"
"Source","The quest that allows you to enter the gate of the Elven capital in Lothlorien is named \"The _____ of Caras Galadhon\".","*Paths"
"Source","To enter Calas Galadhon, you must be what reputation rank with the Elves of Lothlorien?","*"
"Source","Your kind is not welcome here, Duvodiad. Where are you?","*Dunland"
"Source","What requires the Dunelndings to give welcome to Duvodiad?","*The Uch-gwirod"
"Source","The Uch-gwirod is the name for what spirit guide of the Dunlendings?","*Munfaeril"
"Source","What form of animal is the spirit of Munfaeril, one of the spirit guides of the Dunlending?","*Ox"
"Source","What form of animal is the spirit is Lavaneth, one of the spirit guides of the Dunlending?","*Boar"
"Source","What form of animal is the spirit of Gwenaewen, one of the spirit guides of the Dunlending?","*Bird"
"Source","What form of animal is the spirit of Arassiel, one of the spirit guides of the Dunlending?","*Stag (Deer)"
"Source","What hidden hall is only accessible to those who have completed the quest \"Shards of Light\"?","*Hall of the Huntsman"
"Source","Where is \"The Hall of the Huntsmen\" located?","*Mournshaws, in Enedwaith"
"Source","What is the name of the hobbit settlement in Enedwaith?","*Maur Tulhau"
"Source","What does the name of the hobbit settlement \"Maur Tulhau\" mean, in Dunlending?","*\"Great Hole\""
"Source","The Sindarin name of the keep \"Urugarth\" means what, in the tongue of men?","*\"Fire of Sin\""
"Source","Which city on the River Gwathlo was destroyed by a great flood in SA 2912, following the Fell Winter?","*Tharbad"
"Source","What was the name given to the period of extreme cold in SA 2911-2912, when the Brandywine River froze, and Orcs and Wargs crossed the ice to attack Hobbits in The Shire?","*The Fell Winter"
"Source","What does \"Enedwaith\" mean, in Sindarin?","*\"Middle-Region\" or \"Middle-Folk\""
"Source","What is the name of the mountain chain raised in Aman to defend against the evils of Melkor?","*The Pelori"
"Source","This tallest peak of the Pelori mountains in Arda is where the mansions of Manwe and Varda stood.","*Taniquetil"
"Source","What was the name of the mountain hall of Manwe and Varda, the king and queen of the Valar, in Aman?","*Ilmarin"
"Source","What is the Dunlending word for \"king\"?","*Brenin"
"Source","Most of the Dunlending words Turbine created for Lord of the Rings Online are mirrored from what real-world language?","*Welsh"
"Source","What does the named \"Draigoch\" mean in the tongue of the DUnlendings?","*\"Red Dragon\""
"Source","What is the name of the evil spirits in Enedwaith who have the form of large, black goats?","*Druggavar (Drwg-gafr \"evil goats\" in Welsh)"
"Source","What does \"Rhi-Helvarch\" mean?","*\"King Hunter\", almost certainly referring to Orome"
"Source","What place do the men of Gondor call \"The Hidden Land\"?","*Lorien"
"Source","\"Greenwood the Great\" was the name for what forest, before the middle of the Third Age?","*Mirkwood"
"Source","Where did the Silvan Elves, ruled by Oropher and Thranduil, live?","*Greenwood the Great (Mirkwood)"
"Source","What does \"Caras Galadhon\" mean?","*\"Fortress of Trees\""
"Source","What was the ancient name of Caras Galadhon?","*Nelennas, which was also used to refer to the entire area upon which it stands"
"Source","In Lord of the Rings Online, this massive cavern in Heathfells is where Dunlending and Rohirrim slaves were taken.","*The Pit of Iron"
"Source","\"The Devourer\" is a champion of what species in \"The Pit of Iron\"?","*Worm (nematode, not dragon)"
"Source","What is the name of the tavern owned by Ponto Hopsbloom, in Frogmorton, in The Shire?","*The Floating Log"
"Source","What is the hereditary home of the Thains of the Shire?","*Tookland"
"Source","What lies south of the East Road, East of the White Downs, and North of the Southfarthing?","*Tookland (also ok: Green Hill Country)"
"Source","This ten-mile stretch of The Shire lay just to the west of the Brandywine River.","*Bridgefields"
"Source","The Bolger family of hobbits hail from what settlement near the Brandywine Bridge?","*Budgeford"
"Source","What was the Brandywine Bridge known as when Hobbits first arrived in The Shire?","*The Bridge of Stonebows"
"Source","Who founded the city of Annuminas?","*Elendil"
"Source","Where was Isildur, son of Elendil, born?","*Numenor"
"Source","What was known as \"The Land of Gift\"?","*Numenor, given as a gift to the Edain from the Elves"
"Source","What did the Elves call the three houses of men who first came to Beleriand?","*Edain"
"Source","In the Peter Jackson Hobbit trilogy, what were almost all of the wigs and beards of the dwarves made of?","*Yak hair"
"Source","What name in Tolkien's writings came from the name of an aunt's farm?","*\"Bag End\""
"Source","To mirror the name he had carved on his wife's tombstone, what name was carved on the tombstone of J.R.R. Tolkien?","*Beren"
"Source","Who was the first marriage of an immortal elf and a human between?","*Beren and Luthien"
"Source","During the filming of \"The Hobbit\" trilogy, the crew used up all of what in New Zealand, requiring additional shipments from Germany?","*Gold paint"
"Source","In \"The Hobbit\" film trilogy, what dwarf has an axe-head stuck in his forehead?","*Bifur"
"Source","Only one of the dwarves' beards in The Hobbit film trilogy was NOT made of Yak hair. Whose?","*Thorin Oakenshield (Actor Richard Armitage grew it naturally)"
"Source","Only one of the dwarves' wigs in The Hobbit film trilogy was made of human hair. Whose?","*Thorin Oakenshield"
